再開発,,,1000,名詞,一般,*,*,*,*,再開発,サイカイハツ,サイカイハツ
只中,,,1000,名詞,一般,*,*,*,*,只中,タダナカ,タダナカ
麻布狸穴町,,,1000,名詞,一般,*,*,*,*,麻布狸穴町,アザブマミアナチョウ,アザブマミアナチョウ
到達点,,,1000,名詞,一般,*,*,*,*,到達点,トウタツテン,トウタツテン
神保町,,,1000,名詞,一般,*,*,*,*,神保町,ジンボウチョウ,ジンボウチョウ
東武東上線,,,1000,名詞,一般,*,*,*,*,東武東上線,トウブトウジョウセン,トウブトウジョウセン
ライフステージ,,,1000,名詞,一般,*,*,*,*,ライフステージ,ライフステージ,ライフステージ
山手線,,,1000,名詞,一般,*,*,*,*,山手線,ヤマノテセン,ヤマノテセン
周辺街,,,1000,名詞,一般,*,*,*,*,周辺街,シュウヘンガイ,シュウヘンガイ
港区,,,1000,名詞,一般,*,*,*,*,港区,ミナトク,ミナトク
インターシティ,,,1000,名詞,一般,*,*,*,*,インターシティ,インターシティ,インターシティ
天王洲,,,1000,名詞,一般,*,*,*,*,天王洲,テンノウズ,テンノウズ
パークホームズ,,,1000,名詞,一般,*,*,*,*,パークホームズ,パークホームズ,パークホームズ
住宅地,,,1000,名詞,一般,*,*,*,*,住宅地,ジュウタクチ,ジュウタクチ
駅近,,,1000,名詞,一般,*,*,*,*,駅近,エキチカ,エキチカ
最前席,,,1000,名詞,一般,*,*,*,*,最前席,サイゼンセキ,サイゼンセキ
駅徒歩圏,,,1000,名詞,一般,*,*,*,*,駅徒歩圏,エキトホケン,エキトホケン
第一種住居地域,,,1000,名詞,一般,*,*,*,*,第一種住居地域,ダイイッシュジュウキョチイキ,ダイイッシュジュウキョチイキ
ワタシ,,,1000,名詞,一般,*,*,*,*,ワタシ,ワタシ,ワタシ
ワクワク,,,1000,名詞,一般,*,*,*,*,ワクワク,ワクワク,ワクワク
西荻窪,,,1000,名詞,一般,*,*,*,*,西荻窪,ニシオギクボ,ニシオギクボ
中央線,,,1000,名詞,一般,*,*,*,*,中央線,チュウオウセン,チュウオウセン
中野弥生,,,1000,名詞,一般,*,*,*,*,中野弥生,ナカノヤヨイ,ナカノヤヨイ
黒門町,,,1000,名詞,一般,*,*,*,*,黒門町,クロモンチョウ,クロモンチョウ
ガーデンテラス,,,1000,名詞,一般,*,*,*,*,ガーデンテラス,ガーデンテラス,ガーデンテラス
ホビールーム,,,1000,名詞,一般,*,*,*,*,ホビールーム,ホビールーム,ホビールーム
ランドマーク,,,1000,名詞,一般,*,*,*,*,ランドマーク,ランドマーク,ランドマーク
庭苑,,,1000,名詞,一般,*,*,*,*,庭苑,テイエン,テイエン
可能性,,,1000,名詞,一般,*,*,*,*,可能性,カノウセイ,カノウセイ
スローライフ,,,1000,名詞,一般,*,*,*,*,スローライフ,スローライフ,スローライフ
街区,,,1000,名詞,一般,*,*,*,*,街区,ガイク,ガイク
観音裏,,,1000,名詞,一般,*,*,*,*,観音裏,カンノンウラ,カンノンウラ
浅草三丁目,,,1000,名詞,一般,*,*,*,*,浅草三丁目,アサクササンチョウメ,アサクササンチョウメ
観光地,,,1000,名詞,一般,*,*,*,*,観光地,カンコウチ,カンコウチ
居住性,,,1000,名詞,一般,*,*,*,*,居住性,キョジュウセイ,キョジュウセイ
貴賓席,,,1000,名詞,一般,*,*,*,*,貴賓席,キヒンセキ,キヒンセキ
東京スカイツリー,,,1000,名詞,一般,*,*,*,*,東京スカイツリー,トウキョウスカイツリー,トウキョウスカイツリー
スカイツリー,,,1000,名詞,一般,*,*,*,*,スカイツリー,スカイツリー,スカイツリー
イーストエリア,,,1000,名詞,一般,*,*,*,*,イーストエリア,イーストエリア,イーストエリア
シティハウス,,,1000,名詞,一般,*,*,*,*,シティハウス,シティハウス,シティハウス
一体感,,,1000,名詞,一般,*,*,*,*,一体感,イッタイカン,イッタイカン
作り手,,,1000,名詞,一般,*,*,*,*,作り手,ツクリテ,ツクリテ
徒歩圏,,,1000,名詞,一般,*,*,*,*,徒歩圏,トホケン,トホケン
パークハウス,,,1000,名詞,一般,*,*,*,*,パークハウス,パークハウス,パークハウス
錦糸町,,,1000,名詞,一般,*,*,*,*,錦糸町,キンシチョウ,キンシチョウ
急増中,,,1000,名詞,一般,*,*,*,*,急増中,キュウゾウチュウ,キュウゾウチュウ
ヨーロッパ調,,,1000,名詞,一般,*,*,*,*,ヨーロッパ調,ヨーロッパチョウ,ヨーロッパチョウ
街並,,,1000,名詞,一般,*,*,*,*,街並,マチナミ,マチナミ
街並み,,,1000,名詞,一般,*,*,*,*,街並み,マチナミ,マチナミ
幕張ベイタウン,,,1000,名詞,一般,*,*,*,*,幕張ベイタウン,マクハリベイタウン,マクハリベイタウン
京葉線,,,1000,名詞,一般,*,*,*,*,京葉線,ケイヨウセン,ケイヨウセン
検見川浜,,,1000,名詞,一般,*,*,*,*,検見川浜,ケミガワハマ,ケミガワハマ
商業施設,,,1000,名詞,一般,*,*,*,*,商業施設,ショウギョウシセツ,ショウギョウシセツ
公共施設,,,1000,名詞,一般,*,*,*,*,公共施設,コウキョウシセツ,コウキョウシセツ
利便性,,,1000,名詞,一般,*,*,*,*,利便性,リベンセイ,リベンセイ
液状化対策,,,1000,名詞,一般,*,*,*,*,液状化対策,エキジョウカタイサク,エキジョウカタイサク
歩車分離,,,1000,名詞,一般,*,*,*,*,歩車分離,ホシャブンリ,ホシャブンリ
新都心,,,1000,名詞,一般,*,*,*,*,新都心,シントシン,シントシン
開放感,,,1000,名詞,一般,*,*,*,*,開放感,カイホウカン,カイホウカン
西志津,,,1000,名詞,一般,*,*,*,*,西志津,ニシシヅ,ニシシヅ
アリーナシート,,,1000,名詞,一般,*,*,*,*,アリーナシート,アリーナシート,アリーナシート
自分自身,,,1000,名詞,一般,*,*,*,*,自分自身,ジブンジシン,ジブンジシン
東武野田線,,,1000,名詞,一般,*,*,*,*,東武野田線,トウブノダセン,トウブノダセン
居住性,,,1000,名詞,一般,*,*,*,*,居住性,キョジュウセイ,キョジュウセイ
南向き,,,1000,名詞,一般,*,*,*,*,南向き,ミナミムキ,ミナミムキ
南西角地,,,1000,名詞,一般,*,*,*,*,南西角地,ナンセイカドチ,ナンセイカドチ
植栽,,,1000,名詞,一般,*,*,*,*,植栽,ショクサイ,ショクサイ
品格,,,1000,名詞,一般,*,*,*,*,品格,ヒンカク,ヒンカク
宿場町,,,1000,名詞,一般,*,*,*,*,宿場町,シュクバマチ,シュクバマチ
埼玉県,,,1000,名詞,一般,*,*,*,*,埼玉県,サイタマケン,サイタマケン
住宅街,,,1000,名詞,一般,*,*,*,*,住宅街,ジュウタクガイ,ジュウタクガイ
閑静な住宅街,,,1000,名詞,一般,*,*,*,*,閑静な住宅街,カンセイナジュウタクガイ,カンセイナジュウタクガイ
南向き,,,1000,名詞,一般,*,*,*,*,南向き,ミナミムキ,ミナミムキ
ライフステージ,,,1000,名詞,一般,*,*,*,*,ライフステージ,ライフステージ,ライフステージ
機能性,,,1000,名詞,一般,*,*,*,*,機能性,キノウセイ,キノウセイ
駅徒歩,,,1000,名詞,一般,*,*,*,*,駅徒歩,エキトホ,エキトホ
中野本町,,,1000,名詞,一般,*,*,*,*,中野本町,ナカノホンチョウ,ナカノホンチョウ
第一種低層住宅専用地域,,,1000,名詞,一般,*,*,*,*,第一種低層住宅専用地域,ダイイッシュテイソウジュウタクセンヨ,
文の京,,,1000,名詞,一般,*,*,*,*,文の京,ブンノキョウ,ブンノキョウ
静域,,,1000,名詞,一般,*,*,*,*,静域,セイイキ,セイイキ
至邸,,,1000,名詞,一般,*,*,*,*,至邸,シテイ,シテイ
主要道,,,1000,名詞,一般,*,*,*,*,主要道,シュヨウドウ,シュヨウドウ
邸宅,,,1000,名詞,一般,*,*,*,*,邸宅,テイタク,テイタク
購入前,,,1000,名詞,一般,*,*,*,*,購入前,コウニュウマエ,コウニュウマエ
私庭,,,1000,名詞,一般,*,*,*,*,私庭,シテイ,シテイ
丘陵,,,1000,名詞,一般,*,*,*,*,丘陵,キュウリョウ,キュウリョウ
此の地,,,1000,名詞,一般,*,*,*,*,此の地,コノチ,コノチ
南青山,,,1000,名詞,一般,*,*,*,*,南青山,ミナミアオヤマ,ミナミアオヤマ
日本的,,,1000,名詞,一般,*,*,*,*,日本的,ニホンテキ,ニホンテキ
世界的,,,1000,名詞,一般,*,*,*,*,世界的,セカイテキ,セカイテキ
国際人,,,1000,名詞,一般,*,*,*,*,国際人,コクサイジン,コクサイジン
霊南坂,,,1000,名詞,一般,*,*,*,*,霊南坂,レイナンザカ,レイナンザカ
江戸見坂,,,1000,名詞,一般,*,*,*,*,江戸見坂,エドミザカ,エドミザカ
丘の上,,,1000,名詞,一般,*,*,*,*,丘の上,オカノウエ,オカノウエ
文京区,,,1000,名詞,一般,*,*,*,*,文京区,ブンキョウク,ブンキョウク
丘の頂,,,1000,名詞,一般,*,*,*,*,丘の頂,オカノイタダキ,オカノイタダキ
建築家,,,1000,名詞,一般,*,*,*,*,建築家,ケンチクカ,ケンチクカ
合理的,,,1000,名詞,一般,*,*,*,*,合理的,ゴウリテキ,ゴウリテキ
近代的,,,1000,名詞,一般,*,*,*,*,近代的,キンダイテキ,キンダイテキ
現代的,,,1000,名詞,一般,*,*,*,*,現代的,ゲンダイテキ,ゲンダイテキ
街づくり,,,1000,名詞,一般,*,*,*,*,街づくり,マチヅクリ,マチヅクリ
いつの日,,,1000,名詞,一般,*,*,*,*,いつの日,イツノヒ,イツノヒ
マルチアクセス,,,1000,名詞,一般,*,*,*,*,マルチアクセス,マルチアクセス,マルチアクセス
ワンランク上,,,1000,名詞,一般,*,*,*,*,ワンランク上,ワンランクウエ,ワンランクウエ
開放的,,,1000,名詞,一般,*,*,*,*,開放的,カイホウテキ,カイホウテキ
千年以上も前,,,1000,名詞,一般,*,*,*,*,千年以上も前,センネンイジョウモマエ,センネンイジョウモマエ
エントランス,,,1000,名詞,一般,*,*,*,*,エントランス,エントランス,エントランス
新都心,,,1000,名詞,一般,*,*,*,*,新都心,シントシン,シントシン
橋のたもと,,,1000,名詞,一般,*,*,*,*,橋のたもと,ハシノタモト,ハシノタモト
胸いっぱい,,,1000,名詞,一般,*,*,*,*,胸いっぱい,ムネイッパイ,ムネイッパイ
ファーストクラス,,,1000,名詞,一般,*,*,*,*,ファーストクラス,ファーストクラス,ファーストクラス
無限大,,,1000,名詞,一般,*,*,*,*,無限大,ムゲンダイ,ムゲンダイ
本土寺,,,1000,名詞,一般,*,*,*,*,本土寺,ホンドジ,ホンドジ
市川市,,,1000,名詞,一般,*,*,*,*,市川市,イチカワシ,イチカワシ
駅周辺,,,1000,名詞,一般,*,*,*,*,駅周辺,エキシュウヘン,エキシュウヘン
屋敷町,,,1000,名詞,一般,*,*,*,*,屋敷町,ヤシキマチ,ヤシキマチ
情緒的,,,1000,名詞,一般,*,*,*,*,情緒的,ジョウチョテキ,ジョウチョテキ
庭園都市,,,1000,名詞,一般,*,*,*,*,庭園都市,テイエントシ,テイエントシ
緑銅,,,1000,名詞,一般,*,*,*,*,緑銅,リョクドウ,リョクドウ
暮らし心地,,,1000,名詞,一般,*,*,*,*,暮らし心地,クラシゴコチ,クラシゴコチ
邸苑,,,1000,名詞,一般,*,*,*,*,邸苑,テイエン,テイエン
武蔵野台地,,,1000,名詞,一般,*,*,*,*,武蔵野台地,ムサシノダイチ,ムサシノダイチ
井の頭恩賜公園,,,1000,名詞,一般,*,*,*,*,井の頭恩賜公園,イノガシラオンシコウエン,イノガシラオンシコウエン
善福寺川緑地,,,1000,名詞,一般,*,*,*,*,善福寺川緑地,ゼンプクチガワリョクチ,ゼンプクチガワリョクチ
住空間,,,1000,名詞,一般,*,*,*,*,住空間,ジュウクウカン,ジュウクウカン
余年,,,1000,名詞,一般,*,*,*,*,余年,ヨネン,ヨネン
目黒区,,,1000,名詞,一般,*,*,*,*,目黒区,メグロク,メグロク
伝統的,,,1000,名詞,一般,*,*,*,*,伝統的,デントウテキ,デントウテキ
住思想,,,1000,名詞,一般,*,*,*,*,住思想,ジュウシソウ,ジュウシソウ
新たな歴史,,,1000,名詞,一般,*,*,*,*,新たな歴史,アラタナレキシ,アラタナレキシ
安心感,,,1000,名詞,一般,*,*,*,*,安心感,アンシンカン,アンシンカン
松戸宿,,,1000,名詞,一般,*,*,*,*,松戸宿,マツドシュク,マツドシュク
坂川,,,1000,名詞,一般,*,*,*,*,坂川,サカガワ,サカガワ
桜景,,,1000,名詞,一般,*,*,*,*,桜景,オウケイ,オウケイ
八千代中央,,,1000,名詞,一般,*,*,*,*,八千代中央,ヤチヨチュウオウ,ヤチヨチュウオウ
終の住処,,,1000,名詞,一般,*,*,*,*,終の住処,ツイノスミカ,ツイノスミカ
価格以上,,,1000,名詞,一般,*,*,*,*,価格以上,カカクイジョウ,カカクイジョウ
免震,,,1000,名詞,一般,*,*,*,*,免震,メンシン,メンシン
桜並木,,,1000,名詞,一般,*,*,*,*,桜並木,サクラナミキ,サクラナミキ
県庁所在地,,,1000,名詞,一般,*,*,*,*,県庁所在地,ケンチョウショザイチ,ケンチョウショザイチ
邸宅地,,,1000,名詞,一般,*,*,*,*,邸宅地,テイタクチ,テイタクチ
浦和高砂,,,1000,名詞,一般,*,*,*,*,浦和高砂,ウラワタカサゴ,ウラワタカサゴ
県都,,,1000,名詞,一般,*,*,*,*,県都,ケント,ケント
新奥の地,,,1000,名詞,一般,*,*,*,*,新奥の地,シンオクノチ,シンオクノチ
逸邸,,,1000,名詞,一般,*,*,*,*,逸邸,イッテイ,イッテイ
抱屋敷,,,1000,名詞,一般,*,*,*,*,抱屋敷,カカエヤシキ,カカエヤシキ
千年,,,1000,名詞,一般,*,*,*,*,千年,センネン,センネン
徳川家康,,,1000,名詞,一般,*,*,*,*,徳川家康,トクガワイエヤス,トクガワイエヤス
本郷通り,,,1000,名詞,一般,*,*,*,*,本郷通り,ホンゴウドオリ,ホンゴウドオリ
グリーンゾーン,,,1000,名詞,一般,*,*,*,*,グリーンゾーン,グリーンゾーン,グリーンゾーン
タワーフェイス,,,1000,名詞,一般,*,*,*,*,タワーフェイス,タワーフェイス,タワーフェイス
未来的,,,1000,名詞,一般,*,*,*,*,未来的,ミライテキ,ミライテキ
ファサード,,,1000,名詞,一般,*,*,*,*,ファサード,ファサード,ファサード
透明感,,,1000,名詞,一般,*,*,*,*,透明感,トウメイカン,トウメイカン
超高層,,,1000,名詞,一般,*,*,*,*,超高層,チョウコウソウ,チョウコウソウ
エルム通り,,,1000,名詞,一般,*,*,*,*,エルム通り,エルムドオリ,エルムドオリ
正統派,,,1000,名詞,一般,*,*,*,*,正統派,セイトウハ,セイトウハ
緑景,,,1000,名詞,一般,*,*,*,*,緑景,リョクケイ,リョクケイ
都会的,,,1000,名詞,一般,*,*,*,*,都会的,トカイテキ,トカイテキ
駅前再開発,,,1000,名詞,一般,*,*,*,*,駅前再開発,エキマエサイカイハツ,エキマエサイカイハツ
再開発,,,1000,名詞,一般,*,*,*,*,再開発,サイカイハツ,サイカイハツ
水景,,,1000,名詞,一般,*,*,*,*,水景,スイケイ,スイケイ
美邸,,,1000,名詞,一般,*,*,*,*,美邸,ビテイ,ビテイ
リバーフロント,,,1000,名詞,一般,*,*,*,*,リバーフロント,リバーフロント,リバーフロント
リバーサイド,,,1000,名詞,一般,*,*,*,*,リバーサイド,リバーサイド,リバーサイド
優邸,,,1000,名詞,一般,*,*,*,*,優邸,ユウテイ,ユウテイ
独創性,,,1000,名詞,一般,*,*,*,*,独創性,ドクソウセイ,ドクソウセイ
独創的,,,1000,名詞,一般,*,*,*,*,独創的,ドクソウテキ,ドクソウテキ
ガーデンシティ,,,1000,名詞,一般,*,*,*,*,ガーデンシティ,ガーデンシティ,ガーデンシティ