1	ブリリア砧公園	139.622358	35.627329	5090	6760	287 	56.4	80.5	 東京建物	2010/11	FEEL LUXURY 岡本の丘の上へ。	
2	深大寺レジデンス	139.56174	35.664444	3690	6190	186 	72.2	100.5	総合地所	2008/2	あえて、深大寺。	
3	プレミスト北浦和	139.645255	35.874324	2950	4100	179 	60.7	68.4	大和ハウス工業	2011/9	CINDERELLA PROJECT 解けない魔法を、この地にかける。	
4	パークホームズ上野毛アートリエ	139.637896	35.614814	3470	7990	298 	43.3	79.6	三井不動産レジデンシャル	2011/2	あなたの感性の"まま"に生きられる暮らし。	
5	アクラス	139.834709	35.715664	2690	4340	156 	62.38	84.75	住友不動産	2010/1	東京楽園都市	都心のほとりの水辺の舞台で今始動する、区内No.1のビッグ・プロジェクト。求めたのは、利便性・潤い・将来性の3つの価値が重なる「家族の別世界」創造。ずっと夢見てきた幸福を、確かな現実にかなえるために…
6	ヴィークハウス広尾	139.716938	35.651499			668 			清水建設	2008/12	哲学のある邸宅。	構造の哲学。しなやかさのなかにある強さ。ホスピタリティの哲学。もてなしの深み。守りの哲学。開放のためのセキュリティ。空間の哲学。気配のデザイン。
7	ブリリアウェリス月島	139.78059	35.664823	5930	6890	261 	66.03	100.98	東京建物	2013/3	光の贅と風の爽。私が解放される、都心。	都心にあって、喧騒の遥か。川辺の安らぎに抱かれた、悠久の邸。名作を日常とする。深まる静謐を味わう、私領域。橋を渡る。時を忘れる。熟成された深みを愛でる、中央区月島。
8	ブリリア有明スカイタワー	139.786144	35.636343	4990	15000	321 	67.95	124.14	東京建物	2011/3	ときめくために生まれた。	ARIAKEHEARTBEATINGときめくために生まれた。ときめきをシェアする摩天楼
10	ブランズ弦巻四丁目	139.643792	35.637008	5980	8920	349 	59.18	80.82	東急不動産	2013/1	歴史を継ぎ、今日を紡ぎ、明日を結ぶ、流儀の邸。	弦巻流儀趣深い佇まいで弦巻の系譜を継ぐ、本質と洗練の邸。舞台は、世田谷の中心エリアに位置する高台の地。数多の寺社や城址が物語るかつての武家地の由緒を今も継承し、その誇りに豊かな緑の潤いを纏う憧憬の住宅地「弦巻」だからこそ、叶えたかった想いがある。創りたかった邸がある。それは、歴史を継ぎ、今日を紡ぎ、明日を結ぶ、流儀の邸。東急不動産BRANZから、今、弦巻の主人にふさわしき方へ。
11	ブランズ麻布狸穴町	139.739895	35.659386	6830	14400	418 	61.08	101.66	東急不動産	2014/1	The One. 都心居住の先進を目指して、次の世紀へ贈る。	The Spirit.都心が磨かれるとき、東急不動産の精魂が刻まれる。The History.徳川家康が見出し愛でた江戸の森閑、麻布狸穴町。The Monument.東急不動産が半世紀守り続けた都心の軌跡。The Address.国際都心の只中、麻布狸穴町という静謐。The One.都心居住の先進を目指して、次の世紀へ贈る。私たちが半世紀愛し続けた「麻布狸穴町」にブランズの到達点を描く。
12	ブランズ碑文谷三丁目	139.683102	35.616591	4070	6790	322 	48.86	75.83	東急不動産	2014/3	気高き碑文谷に住む／碑文谷の空に咲く。	時に磨かれた、悠久の邸宅地。誇らしく住まう。目黒区碑文谷三丁目にて。気高き碑文谷に住む／碑文谷の空に咲く。碑文谷アドレスを手に入れるだけでなく。眺望と開放を手に入れるだけでもなく。
13	パークハウス千代田富士見	139.745595	35.699283	5860	7930	461 	49.1	60.4	三菱地所	2008/8	誇りを、此処へ。	そこは、濠の内、石垣の傍。都心の中心から、東京を眺める。
14	パークホームズ志村坂上フォレストヒル	139.697862	35.770126	3030	5390	177 	70.4	83.78	三井不動産レジデンシャル	2014/5	PEAK of the HILL ここに、高台の上質。	
15	パークホームズ鷺沼ヒルトップレジデンス	139.574808	35.575189	4770	5280	234 	70.78	70.78	三井不動産レジデンシャル	2013/1	空の開放感と、緑と静に包まれる南向きの邸。	春、桜に包まれる街　---鷺沼---とっておきから隠れ家的なお店まで毎日が新しい街。鷺沼駅から徒歩8分光、風、静に包まれる丘上に誕生。空の開放感と、緑と静に包まれる南向きの邸。
16	パークホームズ横濱関内	139.632655	35.446459	2100	5390	249 	26.77	74.59	三井不動産レジデンシャル	2013/1	横浜の中心を住みこなす。	
17	パークホームズ松戸グランフォレスト	139.902166	35.789373	3050	4270	169 	65.9	75.8	三井不動産レジデンシャル	2013/1	PRIME DAYS	想像してみてください駅からの遅い帰り　ふと立ち寄るスーパーの賑わいを想像してみてくださいあふれる日ざしに包まれる　リビングの語らいを想像してみてください柱も梁も出ない　美しい居室内の目覚めを
18	パークシティ武蔵野桜堤	139.531265	35.711086	4550	4910	198 	73	85	三井不動産レジデンシャル	2012/2	もてなしの景。集いの景。暮らしの景。	
20	キャピタルゲートプレイス月島	139.783747	35.664174	3790	9980	319 	40.12	100.88	三井不動産レジデンシャル,野村不動産	2013/8	東京を頂く。	時を超える価値を求めて。TIMELESS TOKYO
21	パークシティ南浦和	139.67671	35.846043	3890	5780	196 	68.44	93.13	三井不動産レジデンシャル	2012/3	FULL・SATO構想、始動。	「環境」で育む絆　—　環境と一緒に生きる、人と人がつながる「防災」で育む絆　—　しっかり備えて連帯感を深める防災対策「コミュニティ」で育む絆　—　「AllLiving」という発想
22	パークタワー横濱星川	139.596716	35.459455	4080	6390	228 	67.1	82.84	三井不動産レジデンシャル,相鉄不動産	2013/3	Mother Yokohama World ここが、私の世界の中心地。	 
23	パークタワー東雲	139.802688	35.645161	3748	5608	219 	55.37	86.48	三井不動産レジデンシャル	2014/3	LIVE in SKY	くらしが潤いはじめる、空に伸びた街。まるで潤いが空へと成長したような、工夫を凝らした街づくり。パークタワー東雲は、人と空ともっと近づき、そして人と人が心地よい空間の中で近づける、空に伸びた街。さぁ、空と人と出会う暮らしへ。
24	パークホームズLaLa新三郷	139.867651	35.857114	2840	3500	142 	69.58	76.85	三井不動産レジデンシャル	2014/9	うれしさと　ゆたかさと　新三郷	
25	パークホームズ横浜矢向センターフォレスト	139.675568	35.531349	2930	3220	145 	68.85	71	三井不動産レジデンシャル	2013/9	住まいの中心に森を。暮らしの隣に川崎を。人生の舞台に横浜を。	 
26	パークホームズ上野	139.782861	35.712724	3150	5500	257 	40.18	71.02	三井不動産レジデンシャル	2012/8	住むための、上野。	進化を続ける「住」都心へ。風光×上質ゆとりと、日常を彩る洗練の住空間。
27	パークホームズ大船リファージュ	139.532322	35.358965	3200	4600	186 	61	76.29	三井不動産レジデンシャル	2012/11	静と光に澄む。	自然の恵みを採り入れる誇りを満たす上質家族の絆を育むここで出逢う繋がり
28	パークホームズ津田沼奏の杜	140.014164	35.691147	3928	4288	199 	65.97	70.53	三井不動産レジデンシャル	2013/4	奏あう洗練の邸。	未来に伝えたい、一棟・一景・一邸の主張がある。邸宅の本質を求めて、三井不動産レジデンシャルが創り上げた洗練の舞台。「津田沼」駅徒歩8分。全48邸の美の結晶
29	パークホームズ南麻布ザレジデンス	139.735917	35.649304	3200	7700	280 	41.35	83.62	三井不動産レジデンシャル	2013/11	人生に、南麻布という贈り物。	
30	プラウドタワー東雲キャナルコート	139.804882	35.648522	3990	10990	297 	53.87	103.74	野村不動産	2012/12	SHINONOME COMES TRUE	東雲に憧れの風景を叶える日がくる。タワーに、新発想を。人は誰でも安らぎのある日々を望んでいます。家族の絆が未来へと続くライフステージを選びたいと思っています。都心の洗練された機能性と文化のすぐ近くにありながら、自然を感じて心豊かに暮らす。様々な世代が触れ合い、タワーそのものが豊かな暮らしを育む街となるように。
31	プラウドタワー白金台	139.730802	35.634325	4390	9870	320 	41.59	111.69	野村不動産	2014/9	洗練の高台に、上質がそびえる。	 
32	プラウドタワー武蔵小杉	139.656798	35.576061	5000	6600	281 	60.7	75.25	野村不動産	2015/2	「大切な人との時を、想う」という新しい発想。All With YOU.	何よりも大切に考えたのは「大切な人との時間」を一番に想う事。暮らしの全てが揃う、コスギ再開発エリアの"最南西"でプラウドが贈るのは、「大切な人との時を、想う」という"永住邸宅タワー"。ふれ合いを育むコミュニティ、豊かな家族の時間を考え抜いた空間設計、武蔵小杉のとっておきの場所でカタチにする、待望のライフステージです。大切な人とのすべての時間を、かけがえのないものにして欲しいから。コスギではじめて描く「プラウドタワー」が、450家族の新しい未来を紡ぎます。
33	プラウド綾瀬パサージュ	139.831643	35.765458	3930	6590	216 	68.03	90.11	野村不動産	2013/5	桜咲く緑銅と　公園を抱く　陽光のレジデンス。	 
34	プラウド王子本町	139.73456	35.752416	4390	10280	288 	60.38	101.18	野村不動産	2013/12	音無の杜に澄む。　飛鳥山を仰ぐ。	
35	プラウド学芸大学	139.675112	35.631288	6800	9100	337 	70	85	野村不動産	2012/12	「学芸大学」駅　光とゆとりが　もてなす邸宅。	
36	プラウド鎌倉大船	139.53491	35.351901			249 			野村不動産	2012/12	櫻景の邸	静謐も、華やぎも、安らぎもある。
37	プラウド高輪三丁目	139.732103	35.630372	8780	20780	478 	81.32	114.24	野村不動産	2014/1	凛々しい存在感を放つ住まい。　ここに、邸宅の美学がある。	
38	プラウド中野本町	139.678202	35.695299	5000	14000	326 	57.93	125.58	野村不動産	2013/5	閑静なる丘、刻を紡ぐ邸。	駅徒歩6分、都心を傍らにする静謐なる高台に「プラウド中野本町」誕生。
39	プラウド浜田山三丁目	139.63331	35.68108	5699	11998	325 	68.97	105.14	野村不動産	2014/4	美を映す、浜田山の邸。	浜田山三丁目。大通りから一歩奥まった地に、個性と、暮らし心地をかなえる邸。
40	プラウド練馬春日町パサージュ	139.635597	35.745877	4298	6168	213 	72	89	東急不動産	2013/1	BEAUTIFUL SCENE	日常を美しいシーンへと変える。悠久の杜に寄り添うレジデンス。
41	ブランズ四番町	139.738809	35.689744	6750	17990	460 	61	107	東急不動産	2013/2	千代田区 四番町　日本の邸宅が、ここにある。	中枢の地に示す、日本邸宅の範。それは番町の風景を潤い高く彩り、この地にふさわしい伝統と先進を纏う。
42	ブランズ渋谷神山町	139.692906	35.665216	3990	6990	340 	38	69	東急不動産	2012/3	CROSSING BEAUTY すべてを私のフィールドにする。	 
43	ブランズ新宿富久町	139.718475	35.691977	3240	7390	282 	40.46	81.52	東急不動産	2012/8	都心時間。	 
44	ブランズ東中野プレミアム	139.686618	35.707484	4050	7690	344 	39.49	72.56	東急不動産	2012/1	水彩の潤いの環に染まる。	
45	ブリリア品川大井町	139.733678	35.602563	3880	8180	317 	43	80.51	東京建物	2012/10	大井の逸邸---この邸（マスターズ）は象徴であり誇りである。	進化sinnka---再開発により生まれ変わる。継承---旧・抱屋敷跡地という落ち着き。意匠---美しい弧が象徴する佇まい。
46	プレミスト緑園都市	139.508809	35.43604	2790	4150	143 	71.05	87.36	大和ハウス工業	2012/2	緑園山手。緑園が、見上げ望む、高台へ。	日々に、この丘を。人生に、この邸を。気品あふれる住宅が整然と並ぶ、緑園都市。丘の高み、空の麓、品格をたたえる第一種低層住宅専用地域。たしなみのいい丘。緑園都市の山の手、泉宮古エリア。
47	グランスイート市ヶ谷	139.736977	35.695079	3880	7120	311 	49.1	65.2	丸紅	2012/7	住まうほどに充ちる。	現在、そして明日を見据えた住まいの在り方をここに。地の価値首都・東京、中心の美景に。邸宅の価値都市邸宅に大いなる開放を暮らしの価値休日の時をも多彩で華やかに
48	ハンヘールルフォン辰巳	139.807023	35.652951	3298	4998	200 	58.8	76.9	矢作地所,サンケイビル	2012/12	TOKYO銀河	都市の空に、2度、輝く。空に眩く、水に煌めく、都市に瞬く。
49	ブリリアシティ横浜磯子	139.615964	35.402344	2720	14530	249 	56.19	142.11	東京建物	2014/2	ミレニアムスタンダードへ。	この地で紡がれた魅力に先進性を織りなし、日常の中に感動を織りなしてゆく。そして、時代を越える、憧れの暮らしの指標となる。きらめきを、生きる。貴賓の系譜に彩られた、横浜磯子の頂。それは、頂点"PEAK"を追求し、輝きに満ちた憧憬の丘。いま、歴史を紡ぎ、プレミアムを纏い、上質の高みへ。海を見晴らし、森の優しさに包まれたライフステージ。磨き上げられたその品格は時代を越えて、そこに輝き続ける。"THEPEAK"醒めることのない、きらめきの舞台へ。
50	ブリリア西荻窪	139.598446	35.698181	4690	7880	293 	62.62	76.56	東京建物	2012/11	邸苑街区	「武蔵野の杜」を継承する、西荻窪の新街区。武蔵野台地の一角、井の頭恩賜公園や善福寺川緑地をはじめとする、豊かな自然に寄り添う「西荻窪」。その豊かな風土を継承するもうひとつの「武蔵野の杜」をめざして。第一種低層住宅専用地域隣接、開放感と四季の潤いが薫るこの地に、自在なライフスタイルを手に入れる新街区、「邸苑街区」を創造します。
51	ブリリア多摩ニュータウン	139.452199	35.625846	2898	4898	162 	62.01	95.33	東京建物	2013/8	街の資産を継承し、将来を見据えて創造する。これがBrilliaが目指した、これからの日本の街づくりです。	 
52	ブリリア大井町ラヴィアンタワー	139.730178	35.6076	3800	16000	335 	42.9	139.9	東京建物	2012/8	再開発　新しい大井町は、このタワーから始まる。	
53	ブリリア辰巳キャナルテラス	139.810188	35.652903	3390	7190	206 	60.9	103.6	東京建物	2011/11	東京キャナルエリアに住む歓びを、新発見して欲しい。私たちが選んだのは、真ん中です。	「ホントに気持ちいいキャナルって、なんだろう？」そんな問いかけから、ひとつのプロジェクトが誕生しました。
54	ブリリア東大前	139.756329	35.717437	3990	8620	330 	41.21	83.33	東京建物	2012/8	文の京、叡の丘・	その都心の「丘」は、美しい人生の叡智に充ちている。
55	フリリア日本橋浜町	139.786904	35.690004	5208	6908	285 	63.79	75.99	東京建物	2013/6	「粋」の系譜。	住空間の本質を追究した都心レジデンスへ。
56	ザ・ミレニアムフォート府中御殿坂	139.478345	35.665638	2970	6900	202 	57.42	97.74	セントラル総合開発,東京建物	2013/1	千年の丘　展望の舞台、開幕。	府中御殿坂　千年の丘「御殿地」---徳川家康、ゆかりの地。その高台に、悠久を誇る時を越えて、今、新たな駅前ランドマークが誕生。府中の真価
57	レフィール千代田神保町	139.754763	35.695199	4580	5860	295 	54.7	61.58	安田不動産	2012/4	千代田の風格　神保町の洗練	由緒ある皇居外堀の地。
58	ブリリア駒沢大学	139.661872	35.637333	4750	8380	311 	54.27	83.11	東京建物	2012/6	世田谷駒沢、静域の至邸。	主要道から一歩奥まった地の、全27邸。「安心×歓び」という、新発想を。購入前にに日常となるアート空間を見られるという、安心。購入前にあふれる部屋内の陽光を確かめられるという、安心。壁面のテイストを選び悩むという、歓び。建物ができあがる過程を確認するという、歓び。この「安心」と「歓心」を両立する贅沢な新発想を、今あなたに。憧の空間。建物の内側にも、繊細なまでの美意識を。優美さが際立つ建物の内側に描いたのは、都市と自然との麗しきハーモニー。都心に住まうからこそ、日々感じていただきたい光、風、緑、そして空間のゆとり。邸宅の名にふさわしい、洗練の意匠です。
59	ブリリア大山町	139.700201	35.748754	4118	7598	272 	60.23	78.55	東京建物	2013/3	TOKYO PREMIUM SATELLITE	「池袋」駅へ3駅5分、都心を掌握する東武東上線「大山」駅から「池袋」駅へ3駅5分、「大手町」駅へ19分。大型百貨店が集積するショッピングゾーンも、日本を代表するビジネスゾーンも日常のテリトリーに。都心を思いのままに楽しみ尽くす、高感度なライフステージです。TOKYO PREMIUM SATELLITE　安らぎは華やぎの傍にある新宿に中野、渋谷に中目黒があるように大都市の近くには、その発達した都市機能を享受しながら、便利に心地よく暮らせる魅力的な街が存在します。都心へのアクセスに恵まれると同時に、古くから人々の暮らしが根付いた、成熟した住環境が形成された山手線周辺の街を「プレミアムサテライト」と位置づけました。東武東上線の「大山」駅もその一つ。この「大山」駅から徒歩3分という至便の地に、邸宅の真髄を求めた、新たな「Brillia」が誕生します。
60	ブリリア王子神谷	139.737564	35.763558	3519	5499	221 	56.64	76.33	東京建物	2013/5	カゾク・ラクエン	ここは邸宅である以上に、家族の楽園である。北本通りより奥まった穏やかな並木通り沿い。家族のための、新しき上質世界へ。街並みにひときわ映える、この地の誇りと、確かな上質。都心に生きるからこそ、家族の時間に、もっとゆとりと豊かさを。都市を生きる家族に贈る。
61	ブリリア仙川	139.585792	35.663627	4860	7480	276 	68	78	東京建物	2014/1	次代へつなぐ邸宅。	子どもにつなげたいものがある。
62	シーサイドコート逗子望洋邸	139.55496	35.299269	3280	25000	310 	70	177	東急不動産	2010/10	海と過ごす贅…　都会を離れて逗子に住まう	
63	パークタワー西新宿エムズポート	139.692037	35.696219	2790	6700	261 	38.51	77.99	三井不動産レジデンシャル	2014/1	The Stylish Urban. 都心をまとう邸宅。	
64	パークホームズ町屋	139.782951	35.74605	3480	5120	212 	60.89	71.7	三井不動産レジデンシャル	2015/3	町屋真価	三井のパークホームズ、幸せを育む舞台へ。
65	パークホームズ南行徳サウスコート	139.903834	35.670415	3640	5980	192 	66.99	96.5	三井不動産レジデンシャル	2012/11	FAMILY INTERFACE	街並みと響き合う、気品ある佇まい。
66	パークホームズ品川ザ・レジデンス	139.745649	35.623631	4290	8310	293 	57	81	三井不動産レジデンシャル	2014/11	PLATINUM SHIP ここは、東京の暮らしの新しき起点。	港区に住む、品川を楽しむ、水辺を感じる。港区港南2丁目。現地はターミナルステーション「品川」から徒歩11分。そしてインターシティをはじめ、新しい街が広がる港南口、高級ホテルが集まる高輪口、そして水辺の潤いあふれる天王洲に囲まれ、存分に楽しめるポジションにある。ここにいま新たな邸宅が生まれる。「パークホームズ品川ザ　レジデンス」。それは、キャナルフロントの開放感をできるだけ取り込むレジデンス。目指したのは、ここでけでかなう贅沢のあり方。
67	パークホームズ目黒ザ・レジデンス	139.712142	35.6293	3860	8970	320 	43	86	三井不動産レジデンシャル	2011/2	洗練を纏う目黒。	
68	プラウドタワー高輪台	139.729958	35.631157	5020	13490	372 	54	102	野村不動産	2012/12	継承の先にある未来。	
69	プラウドタワー千代田富士見レジデンス	139.747612	35.698767	7480	13780	446 	68	86	野村不動産	2014/3	千代田富士見の杜	日本とフランスの美意識が響き合う。都心の中枢、静謐なる領域へ
70	プラウド浦和常盤マークス	139.646621	35.869382	4500	5500	209 	71	87	野村不動産	2014/4	3つのPREMIUMからプレミアムな日常が綴られます。	緑に彩られた、伝統の京都市。
71	プラウド桜台	139.66791	35.745567	3968	9168	263 	58	101	野村不動産	2013/3	邸宅の歴史に咲く誇り。	この地の歴史を継承し、今新たな上質へ。待ち焦がれた暮らしが、いよいよ咲き誇ります。
72	プラウド松戸	139.904559	35.788298	3469	4617	172 	72	82	野村不動産	2014/5	暮らしに深呼吸を。	風と緑のレジデンス「松戸」駅徒歩8分、賑わいの先に広がる住宅地。駅地下ながら住宅地の空気に包まれた、家族の暮らしがここから始まる。都市の利便性を手中にしながら、開放的で落ち着きに満たされたこの地。家族を優しく包み込む、ゆとりを育む、この地ならではのレジデンスを創り上げます。住宅地の最前席に住まう駅徒歩圏では限られた、第一種住居地域。
73	プレシス文京大塚	139.729115	35.724783	3960	5370	258 	49.41	70.25	一建設	2014/1	誇りに満ちた邸宅の序章。	レジデンスの気品を備える美のフォルム。贅なる空間に行き交う人のぬくもりが残る迎賓の間にふさわしい出会いの場。寛ぎの私邸へと導く、質感あふれるエントランスホール。暮らしの快適性を高めるこだわりの空間設計。都心の鼓動を感じながら、新たに始めるアクティブな暮らしにホテルライクな憩いと癒しを与えてくれる。そんな誇りに満ちた永住住宅「プレシス文京大塚」へようこそ。陽光を優しく受け止める外壁のコントラストが建物を引き締め、端正で有りながらも心地よい表情を造り上げてくれます。時と共に文京の背景に輝きを深める、レジデンスとしての気品を演出します。
74	ブランズタワー文京小日向	139.736191	35.714122	5800	12300	445 	56	74	東急不動産	2013/9	その景観を日常に、都市を自在に謳歌する日々	
75	ブランズ田園調布	139.671217	35.588251	5980	17300	390 	61	125	東急不動産	2011/6	穏やかなときを重ねる、上質な日々を。	邸宅の趣きと自然の造形が、深く響き合う。住む人にも、訪れる人にも、長く愛される邸宅であるために、周囲の自然と穏やかにとけ込む外観をデザイン。敷地に面する道路から十分な引きを取りつつ、植栽と擁壁に囲まれた邸宅は、日常の喧騒から解き放たれる空間としての上質な趣を感じさせます。四季折々の風景とともに、ときを重ねるごとに深みを増す真の邸宅がここにあります。
76	ブランズ西荻窪	139.602534	35.70342	5820	7490	389 	42	77	東急不動産	2013/3	西荻air　ワタシらしく思いのままに、暮らしたい。	西荻style心ときめく時間がほしいから、大好きな西荻の街で、思いのままに暮らしたい。ワタシはここでオンとオフの輝きを手に入れる。心地よく変わる暮らしが、ここから始まります。見つけたのは上質な「ふだん」があるお気に入りの街、西荻窪。いつでも"ワクワク"に出会える、中央線沿線の素敵な街物語。
77	ブランズ八雲	139.672936	35.623684	5900	9430	379 	55	77	東急不動産	2013/6	八雲四丁目という、ヘリテージ。	80余年の歳月が、かけがえのない住環境を育んだ。その意匠が街並みに創る新しい風景。その暮らしの景色を美しく。目指したのは、目黒区八雲の美意識を受け継ぐ邸宅。
78	ミッドガーデン赤坂氷川	139.734043	35.668388	5300	8700	288 	54.93	111.65	東急不動産	2013/2	THINK CLASS 高級を新しくしようと思う	新しい高級の条件。「住まいのすぐそばに、色濃い緑があること。」新しい高級の条件。「都心であること。それも華やかな都心であること。」新しい高級の条件。「自分らしさを生かせる、上質さを備えること。」
101	高輪ザ・レジデンス	139.7325	35.636354	3120	51000	430 	38.1	285.25	東京建物	2005/12	私庭、高輪。	ようこそ、高輪の頂へ。やすらぎを極めた真の私邸。THE WORLD CLASS.上質を知り尽くすアーティストが創る、真の邸宅。やすらぎを究極まで昇華させる、地上47階・港区最高峰の超高層。住まいを選ぶこと。それは、眺めを選ぶことでもある。
102	プラウド駒込	139.743114	35.735901	4050	14230	314 	56	120.6	野村不動産	2005/2	都心の美しい庭、駒込。豊潤な四季に溶け込む488邸のレジデンス。	絵画のような美しさを湛える六義園の、その先に建つ。まるで街そのものが大きく美しい庭のように。花と緑、広い空を誇る都心の高台。六義園の先で、街の豊かな四季と静けさに溶け込む美意識のレジデンス、誕生です。ここだけの都心へ。美しい高台に建つ、新たな歴史的資産となる邸宅。そのやすらぎの中心で、「離れ」の開放を味わうレジデンス「丘の邸」誕生。山の手ランドマーク、いよいよ作品公開。「プラウド」の名作であるために、高められた美意識がある。それは、生活のアートを醸す「都心個邸」（トウキョウコテージ）。
103	Dグランセ三田聖坂	139.739394	35.643107	4790	19200	359 	48.8	161.09	大和ハウス工業	2006/3	岬の今。	失われし感動は、新たな輝きとともに甦る。陵丘の邸。かつて家康は、此の地をこう呼んだという。月の岬。
104	プラウド文京春日	139.741486	35.712073	5430	11350	299 	62.2	121.1	野村不動産	2005/11	文京、南向き、高台の景。	文京の高台に、陽光誘う三十邸。光と風が戯れる邸。
105	ディアクオーレ文京目白台	139.72454	35.716851	4490	11480	320 	54.8	102.33	三重エステート	2005/10	文京区目白台。静穏なる丘の邸格。	歩むたびに出逢う深き情景。悠久の高台邸宅街で、人生はいま、高みを目指す。深き情景を抱く、都心の静域へ。文京区目白台三丁目。瀟洒なる静域に住まう。
106	アスコットパーク浅草松が谷	139.787035	35.710823	2160	5760	203 	40.2	82.82	アスコット	2006/9	調和 という、感性の響き合い。	和と"Wa"の間に。「調和」---懐かしさと新しさのバランスが、心地いい。「輪＝和」---人との関係が、温かい。「上野」と「浅草」の2つのエリアをライフステージにいまも変わらない"和"と、変わり続ける"Wa"が、心を和ませる。感性を刺激する。それは、TOKYOの優しさに満たされる生活。
107	コスモ中野弥生リベディア	139.67729	35.691692	2098	5848	225 	32.9	80.76	コスモイニシア	2006/4	都心の、体温。	「新宿」駅約2km圏、新都心を身近に臨む、ここ中野弥生町。この街は、人の温かみで、できている。都心を華やぐ。都心を憩う。それは、都心居住の新しいスタイル空間。
108	市谷逢坂テラス	139.737908	35.699569	4580	12280	366 	47	98.9	興和不動産	2006/2	静謐なる美意識	静謐なる高台の美。豊かな潤いと深い静寂を受け継ぐ都心の高台。歴史の余韻。継承される高台。趣きある情緒とモダンな感性が出逢う都心の邸。心豊かな寛ぎの日々が、ここから始まる。
109	ミッドサザンレジデンス御殿山	139.732533	35.620666	3290	17000	343 	41.7	131.93	三菱地所レジデンス	2007/1	ここでの暮らしは、どこかニューヨークのそれに似ている。	Mid Southern Styleやすらぎは、にぎやかさのすぐ横にある。東京、まん中、やや南。人は、この場所を「ミッドサザンエリア」と呼ぶ。さあ、御殿山の、あの森へ。御殿山の静寂と煌めきの中で始まるタワーライフ。
110	東京テラス	139.608212	35.657819	4080	7530	223 	70.7	96.9	積水ハウス	2005/11	テラス人になろう。	大木を見上げるとき、並木をくぐるとき、不思議だね、心が静かになっていく世田谷で、「東京テラス」という気持ちいい生き方を。世田谷で、風と光と緑と一緒に。
111	ダイアパレス飛鳥山	139.734445	35.748561	2570	10980	216 	43.8	151.85	ダイア建設	2006/3	美しい眺望も、専有する。	世代を越える「永住の邸」。飛鳥山に誕生。飛鳥山に暮らす。飛鳥山に、時を刻む。
112	南青山テラス常盤松フォレスト	139.714304	35.658098	4190	28400	414 	44.8	180.7	三菱地所	2006/2	世界が恋する邸（すまい）。	世界の、東京の、青山の、わが邸（すまい）。邸（すまい）がたどりついた、寛ぎ、包容力。扉の向こうに、完全なる小宇宙が広がっている。南青山七丁目。心を包みこむ、空間の質。この邸（すまい）は、日本的であり、世界的である。
113	コスモポリス品川	139.748068	35.63199	1848	13968	247 	38.5	137.4	コスモイニシア	2005/3	時代の先端、その中心に暮らす。	贅沢な供用空間、やすらぎの庭園空間、杜と暮らし天空に憩うクオリティタワーです。「上質」は常識。真の豊かさに包まれる居住空間
114	リシェ駒場東大前	139.688909	35.657414	3150	5980	288 	38.3	65	マツヤハウジング	2006/3	TOKYOと共鳴する全36邸。	 
115	パークハウス市谷若宮町	139.739412	35.698909	6650	14770	346 	70	128.7	三菱地所レジデンス	2004/12	誇るのは規模ではなく、豊かさ。穏やかな丘の邸宅はモダンデザインの領域へ。	都市の時間からやすらぎへ、ガラス越しに静けさが連続する優雅なエントランス。豊かな緑の街並みに、質感のあるマテリアル、安心感を生むシンメトリーな外観。
116	フォルム代々木公園リベディア	139.686779	35.664788	3498	5648	257 	46.4	70.1	コスモイニシア	2005/3	自由は好きか？	NODESIGN,IT'SREALLIFE.僕たちはは誰とも違う。だから、お仕着せのデザイナーズなんてもう要らない。自分色に暮らす、だから心地いい。さあ、そろそろ自由に生きよう。
117	 ザ・トーキョー・タワーズ	139.774085	35.655596	3500	7400	252 	54	84	オリックス不動産,東急不動産,住友商事	2005/7	新しいTOKYO、在住。	はじまる、中心区生活。たとえば、アドレスを東京の老舗中央区に持ち、日々、銀座や汐留、築地を庭として使う日常、TOKYOでもっとも空高く開かれた街で広がる海や摩天楼を眺めながら、大切な家族との、自分自身の時間を、生活の中に取り戻す。都心に、空に、そして家族に近づく。あなたの日常は、きっとここから変わりはじめる。ニューヨーカーがニューヨークを愛するように東京を愛してるって照れずに言えたら東京は変わりはじめる。きっと。
118	虎ノ門タワーズレジデンス	139.744334	35.665595	6630	85000	825 	55.4	223.4	鹿島建設	2006/9	Heart of Japan.　中枢を生き、中枢に住む。	中枢とは、政治とビジネスを動かす場所です。そこに集うのは、一流の知性、才能、国際人。行き交うのは、最先端の価値ある情報です。永田町や霞ヶ関から続く、日本の中枢をなす街の一角。大通りを離れ、霊南坂や江戸見坂をのぼった丘の上。日本を動かす丘がある。
119	ブリリア外苑出羽坂	139.723434	35.681614	3980	12500	355 	47	96.02	東京建物	2006/3	わたしに還る、「苑邸」。	東京都心に住む。それは選ぶ地に自身の姿が投影されるということ。先進利便性はもとより、心を安らげる感性と閑静、加えて古よりの粋な気風。それらが妙趣を香らせる、「赤坂」「青山」「外苑」辺り-------。東京を代表する広大な緑と苑、東京をこよなく愛する方へと捧げます。支えるのは歴史と都心創造の調和。この都、この価値を解す方々へ捧ぐ。この地にあるべき勇姿。広さを超えた、豊かさの本質。結実の「苑邸」。明確な目的、意志を持つ、東京都心。この合理的でシャープな感性と煌めく色彩のはざ間で求める住宅は利便と静けさとステイタスとが瞬時に交錯する、青山、赤坂、外苑辺り------。此処は都心のただ中をを包む苑。私を優先させた生活の手応えと、その希有は価値の歓びをあなたへ。羽を休める。思索にふける。語り合う。住空間は多様なセンスを。
120	ザ・タワーズ台場	139.780442	35.63015	1990	21000	306 	30	176	東京建物,オリックス・リアルエステート	2004/7	もう旅する理由はない。ようこそ新世界へ。	世界は、空を駆ける人にとってますます狭く、すでにこの星にはどこにもないものなど、そう多く存在しない。だからこそ人は、本物を追い求め、憧れつづける。港区台場から見る東京は、これまでなかった東京の魅力に満ちている。ライフスタイルも眺望も、これまでの東京のタワーマンションとは異なる「THETOWERSDAIBA」こそ、ThisIsNowhere「どこにもない」という形容が似合う。PLANETDAIBAその惑星に住める日がくる。美しくも猥雑、夢のようで、とてもリアル。都心と絶妙の距離を保ちながら「惑星」のような輝きを放つ特別なエリア、港区台場。まるでフィクションのようなこの地を、私たちは「プラネット」と呼ぶことにした。ビーチ。カフェ。シアター。スパ。ショッピングにフィッシングまで。想像の中にしかなかったリゾートライフを、いとも簡単に日常にしてしまうタフな場所。この「惑星」にそびえ立つ３３階建て超高層ツインタワーから、誰も知りえなかった暮らしがはじまる。
121	ライオンズタワー上野黒門町	139.770239	35.706038	2820	11940	340 	34.8	95.6	大京	2006/3	憧憬が日常になる。	黒門町の粋。粋な大人のライフスタイルを継承する地に暮らす。受け継がれる土地の記憶、時代を越えた東京。上野はガーデンテラスとなる。秋葉原はホビールームとなる。街のランドマークとなるタワーレジデンス。もてなしの流儀を受け継ぐ地にふさわしい、ホテルライクな空間デザインが生きる。
123	グランフォート用賀	139.636027	35.630617	4640	14260	301 	54.4	146.6	大京	2005/3	高台の空と暮らす、緑潤う庭園住宅。	ここにしかない風景、ここにしかない風格。それは、いままで出会ったことのない用賀の高台の姿。高く開けた空、その丘の上には緑がある。邸宅の誇りをもって、美しい景観を創造する281邸の庭園住宅。誰も知らなかった、新しい用賀、新しい邸宅のすがたがここにあります。宝石のような景観を手に入れる丘。流儀のある私邸へ。五大陸を識る人へ。
124	ガーデンヴィラ芦花公園	139.608797	35.660522	3560	7670	214 	62.3	106	トータルハウジング	2005/7	Park Life Garden City	「邸園」に住まう人へ。くつろぎの"庭苑"へ、ようこそ。"庭苑"の誇りが、あなたを迎える。
125	パークハウス池田山公園	139.726465	35.632326	4380	13280	309 	52.1	128.8	三菱地所レジデンス	2005/12	JAPAN ORIGINAL　日本の美意識を紡ぐ、全148邸。	五感に響く和の感性に、深い寛ぎを愉しむ。さりげなく薫りたつ和の設えに、日本の伝統的な住思想を宿す邸。この先、都心でこれほどの緑と静寂に出逢えるだろうか。静佳の私邸。その静寂は、もう二度と出逢えないかもしれない----。
126	グランフォート青淵閣	139.723134	35.735183	4350	10990	258 	61.2	128.93	大京	2006/3	迎賓、思いを抱く邸宅。	はじまりは、渋沢栄一氏の"心"山の手の高台に住まう。
127	オーベルタワー川口コラージュ	139.718746	35.799879	1840	10080	190 	41.5	141.9	大成有楽不動産	2006/2	川口を変える。美しく変える。	駅前立地プラス複合開発の中心という希少性。駅前を広く、開放的に。そのやすらぎの深さを知る。
128	市谷砂土原町パークハウス	139.735649	35.695286	5490	17770	362 	57.4	143.5	三菱地所	2006/4	静寂を湛える。高台を称える。	静寂の高台に佇む、正質の私邸空間。
129	グラーサ白金高輪	139.736513	35.64428	3580	5750	333 	35.8	56.32	クレアスライフ	2005/10	白金高輪、サプリメント。	ビジネスにもプライベートにも応える軽やかなフットワーク、心を包むシルキーな街の装い---この地の持つ感性や空気感を大きく深呼吸できる。都心生活の"サプリメント"として「グラーサ白金高輪」をプレゼンテーションします。落ち着きと躍動を纏う「白金高輪」。
130	アーバンビュー本郷	139.754937	35.708969			284 	31.45	102.1	アーバンコーポレイション	2005/9	躍動する都心、文京区本郷。	本郷四丁目。情緒も、都市生活も、ゆったり味わえる街。真なる都心邸宅を目指した、個性的なプランの数々。静と動。
131	アトラスヒルズ文京白山	139.754591	35.722972	3160	6920	258 	45.9	79.03	旭化成不動産レジデンス	2005/12	TOKYO BEAUTEOUS 私が、東京を一新する。	文京区、本郷通り。高台、角地。このかけがえのない舞台から、東京の日々が美しく変わってゆく。"生活美"という名の「集住佳品」。受け継ぐ歴史、創造する風景。この場所から美しく変わっていく東京があります。
132	スタイルハウス南麻布	139.729974	35.650956			390 	56.29	100.3	三菱地所	2007/2	南麻布「私」邸宅。	価値ある個性豊かな都心邸宅を、あなたと創る。住まう方の美意識を織り込みながらあなただけの"セルフブランド"を創る。
133	グラーサ神楽坂	139.735773	35.70568	3490	5880	277 	43.1	67.76	クレアスライフ	2005/9	東京源流	過去と現在が出会う街
134	ステーションガーデンタワー	139.770727	35.729679	2350	8580	258 	34.4	97.28	積水ハウス	2008/2	山手線駅直結という、驚き。	街と空と駅につながる家、新発想。
135	ランドステージ代々木の杜	139.695379	35.683627	3130	5490	309 	34.2	57.3	青山メインランド	2005/5	DESIRE 上質に彩られたやすらぎの空間に、貴方は満たされる。	快適な日々とは、ある種のリラクゼーションである。この聖域は、総てのDESIREを満たす。嗚呼、この空間に満たされていく。近ごろ、満天の青空を見ましたか。
136	ルネコーディス西巣鴨	139.728853	35.742515	2790	5220	208 	48.9	75.4	総合地所	2005/4	「駅前超望レジデンス」誕生。	
137	ソラネットシティ	139.845765	35.696924	2760	5370	148 	71.7	104.8	大成有楽不動産	2005/2	空と水と公園の街、まもなく完成・	約1万4000m2のビッグスケールを誇るリバーサイド開放区。私が選んだこの街で、「潤い」と「洗練」を思いのままに楽しむ、贅沢な日々がはじまります。
138	ブリリア小日向	139.732237	35.712463	6700	19400	347 	78	156.3	東京建物	2004/4	LIVING at ARTISM　文京区小日向二丁目。風格の丘を伝承する。	 
139	パークハウス本駒込	139.742789	35.730323	3650	6750	242 	60.2	78.2	三菱地所	2006/2	心地よく暮らすための洗練と先進。	伝統を受け継ぐ場所。パークハウス本駒込。三菱地所が贈る、文京区本駒込の憧憬。
140	テラス恵比寿の丘	139.705077	35.6434	4970	24200	432 	48.7	151.62	トヨタホーム	2006/7	邸宅の条件。	いまの時代にふさわしい、本物の邸宅とは。都心にありながら、静かであること。開放的なのに、プライバシーが守られていること。そして、洗練され、機能的であること。そのために、私たちは場所を探すことからはじめました。都心の奥深く、隠されていた土地。時間がゆるやかに流れる環境。そしてここ、街を見晴らす恵比寿の丘の上にたどり着いたのです。すべては現代の都市生活者が求める快適性を満たすために。いま、新たな「邸宅」が生まれます。贅沢なまでに広い空。都心の静寂がここにある。上質な空間に身を置く、という価値。都会人の五感を癒す空間提案。
141	ヴェルティーク新中野	139.66806	35.697225	3690	6980	261 	46.6	88.45	鹿島建設,和田興産	2005/3	都市生活の可能性を広げる駅直結ランドマーク・レジデンス。	いま、東京に新たなムーヴメントを…神戸スタイル・レジデンス
142	ナビューレ横浜タワーレジデンス	139.627406	35.466813	1850	15570	292 	49.3	111.58	三菱倉庫	2007/2	横浜LUXURY FRONT	どこよりも、美しい夢を見る。この横浜で、人生は作品にる。
143	目白プレイス	139.710978	35.716282	3010	17700	336 	42	134	鹿島建設	2006/9	目白の空へ、都心の森へ。	はじめての、目白の空へ。空を拓く。森を継ぐ。都心に魅せる。目白に浸る。目白時間。静謐と悠久の森の傍らへ。
144	エルザ世田谷	139.59725	35.671424	2150	13340	278 	32.7	130.22	大京	2006/2	世田谷「最高峰」邸宅。	森の記憶が甦る、変化に富んだグリーンゾーン。世田谷の街が今までたどり着けなかった天空の暮らし。その価値は、緑豊かな住環境にあるからこそ、輝かしい。緑濃き庭園、洗練のソサエティが、「最高峰」の邸に彩りを添える。
145	パークハウス吉祥寺北町	139.581052	35.713554			277 	61.68	90	神鋼不動産,三菱地所	2006/2	武蔵野の自然を受け継ぐ第一種低層住居専用地域。	武蔵野の情景を受け継ぎ、緑と光あふれる全体計画（マスタープラン）。
146	グランシティ上用賀ラ・アヴェニュー	139.626824	35.638451	4890	9380	282 	66.4	96.2	日本綜合地所	2004/1	求めていた理想がここにある。	
147	ライオンズ浜田山セントマークス	139.625373	35.68591	3900	15250	276 	51.1	167.4	大京	2006/2	浜田山に、美しい方程式。	一流が美しく融けあう。そして、新しい価値が誕生する。心をゆるやかに解くホスピタリティのある空間設計。
148	ルピナス高輪	139.731277	35.626631	2740	15000	347 	34.9	113.7	スルガコーポレーション	2005/8	その丘の頂に立つとき、ここに暮らす喜びを知る。	一邸一邸が「個」を主張する意匠性あるプランは、多彩であり、また多才でもある。
149	みなとみらいミッドスクエア ザ・タワーレジデンス	139.63048	35.459079	2788	15888	308 	55.5	116.66	オリックス不動産	2007/6	暮らしは、豊かさの原点へ。 MID HEART.	受け継がれる、みらいの為に。みらいのみなとに何を描くか。住まいは、ヒューマンスケールの視点から新たなビジョンを語りはじめる。偉大なる建築家の思想をみらいへと受け継ぎ、みなとみらいの中心に、世界に誇る暮らしを届けます。超高層の摩天楼。合理的な街並み。近代的な景観。街づくりという大きな枠組みからではなく、そこで営まれる生活そのものの視点に立って住まいを考える。私たちがみらいに求める暮らすことの本質とは、ヒューマンスケールという名の豊かさです。港町として歴史を刻んできた、この街の記憶と、街の中枢を成し、未来への大いなる可能性を秘めた土地への想い。そして、かつて建築のたどるべき本質を極めた、ある建築家の想いを胸に抱きながら…。国境を越え、時代を越え。原点に学び、未来を見据えて。みらいへ忘れていた、本当の豊かさをここに描いてゆきます。未来資産を、贈る。未来資産を、住む。
150	ＭＭタワーズフォレシス	139.631354	35.460198	3520	8280	233 	54.7	108.1	鹿島建設,三菱地所	2007/12	都市を、自然体で生きる。	都市生活を安全で快適に楽しむためには、自然志向であったほうがいい。人も待ちも地球も、ずっと健康でいられるように。都市に自然との絆を取り戻し、共存していくことで、私たちの暮らしは自然体へと還っていくだろう。そんなライフスタイルをLOHAS（ロハス）と呼びます。これからは人も地球も、健康を考えたほうがいい、と思う。
151	ライオンズステーションプラザ根岸ベイアーク	139.63277	35.415185	1990	5670	199 	35.9	86.8	大京	2005/3	美・萌える。	美と本質と性能、そしてスケール。その全てが目を覚ます。本物の衝撃をぜひあなたご自身で実感してください。街に新しい息吹と感動を。ついにヴェールを脱いだ美のモード。
152	リステージアリエッタ	139.540658	35.41644			110 	61	82	大勝	2006/1	遊優生活。	
153	ライオンズ横濱弥生台レジデンス	139.505864	35.429108	2090	5980	193 	40.8	90.6	大京	2005/11	邸（すまい）×駅の新発想	2つの快適がクロスする。豊かな時間が加速する。
154	クリオ横浜保土ヶ谷	139.595541	35.44448	1988	4243	179 	37.8	75.53	明和地所	2006/3	横浜保土ヶ谷に住まう。	住まいは、その上質で私の人生を歓待する。土地は、その風情で私のスローライフを歓待する。立地は、そのアクセスで私の行動を歓待する。保土ヶ谷駅から徒歩6分、フラットな道を歩く。東海道宿場町の風情が残る、どこか懐かしい保土ヶ谷を楽しみながら…
155	コットンハーバータワーズ	139.638827	35.469522	2380	6520	160 	65.7	107.85	JFE都市開発	2006/12	誰も、私を真似できない。	海の四季、森の四季。横浜港で、ここだけの眺め、この潤い、私だけの贅沢。コットンハーバータワーズと出会った。ビームス、横浜港を独り占めするロケーションに感動した。初めて、居住空間をプロデュースしたいと思った。
156	ブリリア銀座id	139.769743	35.671276	2298	8588	345 	26	71.3	東京建物	2004/12	愛しているから　銀座に住む。	いつの日も、心は銀座にあった。憧れの地、銀座に住む。この街のすべてを、ライフステージにする。そのときめく想いを。「Brillia銀座id」に託そう。この街を愛する心とともに、私は今、銀座のわが家へと歩み始める。
157	東京フロントコート	139.800537	35.655649	3190	6770	182 	65.3	110	長谷工コーポレーション	2005/12	東京をガマンしない。	近さも、広さも、ゆとりも。探していた都心がここにあります。
158	品川タワーフェイス	139.745359	35.625733	2288	6088	247 	32.3	77.3	藤和不動産	2005/8	都市の輝き、水辺の潤いを映し出す「品川タワーフェイス」	進化する品川駅徒歩８分という高いポテンシャルを秘めた地に誕生する「品川タワーフェイス」。最新の流行や情報、文化を瞬時にとらえながら、同時に、ゆったりと流れる運河の水辺や緑に癒されるエリア。近未来的なファサード、透明感あふれるガラスを多用した超高層３０階・全２５５戸のタワーには都市の輝き、自然の潤い、華麗なエンターテイメント、最新のファッション・グルメ・アートなど…さまざまなシーンを映し出す。全方位に高感度な生活が、ここから始まる。
159	パレミーユガーデンズ	139.615138	35.650836	2990	5590	240 	43.5	72.9	サンユー建設	2004/2	暮らし、解放区。	心を解き放つ、立地がある。空間がある。
160	グランスイート神宮前	139.706976	35.673901	2880	8020	339 	28.4	77.28	丸紅	2005/3	静寂と躍動、伝統と進化…  神宮前1丁目、ここには本質の全てがあります 	 
161	クオリア銀座7丁目	139.765003	35.666994	2170	4970	324 	23.7	47.5	東急不動産	2004/8	こだわりの先に見えてくるオトナの銀座。	いつも自分らしくいたいから、生き方にこだわる。街にこだわる。清麗な朝の光、躍動の午後、蒼さをたたえる宵。住まい手の気持ちに呼応するように変化する街の表情。華やかな印象の内側に、やさしさと懐の深さを秘める銀座７丁目。豊潤な時間を愉しむオトナの銀座生活は、ゆったりとここち良い。
201	グランドメゾン大倉山弐番館	139.620572	35.522822	4240	8420	178 	85.8	144.69	積水ハウス	2001/7	大倉山、刻まれし秀逸の邸。	文化と伝統に彩られた街「大倉山」。そのエルム通りの先の平坦な道を徒歩12分。大倉山にあって、なお際立つ穏やかな街並みの中に威風を放つ洗練のフォルム。正統派のたたずまいが生み出す、永住生活の真価へ。豊かな緑景に文化と気品と纏う街に、真のゆとりをめざして。暮らしをさらに高みへと誘う、居住性と造形美を追求した正統派邸宅。「気品の芳香。」
301	シティハウス秋葉原イーストレジデンス	139.780501	35.702544			240 	54.1	64.86	住友不動産	2014/2	受け継がれる伝統と時代を駆け抜ける革新の街に暮らす贅。	結美の邸 musubi ON/OFFが充実のエリア、8駅8路線のマルチアクセス、歴史や下町の人情。全てが”結美の邸”でつながります。
302	クリオ浅草橋	139.782277	35.701983			264 	58.07	65.52	明和地所	2015/3	モダニズムと風雅。大江戸の美意識がいま、甦る。	TOKYO MODERN
303	日神パレステージ浅草橋	139.785286	35.70293	2880	6800	186 	53	117	日神不動産	2000/11	たのしむ。うるおう。みらいに出逢う。今、TOKYO EAST がおもしろい。	TOKYO MEETS TOMORROW
304	シティタワー上野池之端	139.76768	35.713582	4780	9680	350 	55.78	76.74	住友不動産	2012/12	THE JAPAN BEAUTY	
305	クリオ入谷	139.788888	35.725039	3481	4435	216 	54.86	65.52	明和地所	2014/7	そこは、時空をかける東京。 TOKYO NON DISTANCE	喧騒をとおして都市を楽しむ、くつろぎの空間へ。時を超えて、空へ開け。「こっちの東京」
306	ザ・パークハウス池之端	139.769177	35.715564	6128	6808	312 	65.07	71.61	三菱地所	2014/10	日本の美、上野の知、池之端の和を。	都心にいることを忘れさせる、広大な緑と開放感に出逢う。心地よさを深める、伝統ある地との出逢いを大切にしたいと思う。忘れかけていた自分にゆっくりと還れる場所がある。日々、豊かな緑に包まれながら、潤いとやすらぎを感じることができる。日本文化の伝統美が息づく邸。邸宅としての趣を深め、街と調和するしつらえ
307	大江戸タワーレジデンス	139.792625	35.70426			314 	54.45	75.5	住友不動産	2014/12	都市を見晴らす、天空の名作に暮らす。	TheMasterpeice都市へ、大空へ、未来へ広がる、美しき「名作」
308	蔵前キャピタルコート	139.786955	35.703293			251 	55.18	66.08	住友不動産	2014/12	都心を自在に愉しむ	江戸の伝統を引き継ぎつつ　暮らしを彩る生活便利施設が集積するロケーション　癒しの緑と水辺に抱かれながら　都会的な眺望を堪能できる暮らし。蔵前がアクティブになる　スタイリッシュなフォルムシティハウス
309	ジオ浅草三丁目	139.796425	35.716565			263 	54.75	67.05	双日新都市開発 	2014/11	浅草の住処 	ASAKUSA×SUMIKA歴史ある街に継承される住宅街区「観音裏」、其処は浅草三丁目粋と華やかさの香る世界有数の観光地「浅草」。古きよき伝統も色濃く残しながら、未来への発展も期待されるこの街に、人々の暮らしを見守り続けてきた情緒あふれる住宅街区がある。ここに根付いた居住性ははまさに、”住むための浅草”。地域の人々が”観音裏”と呼び親しんできたこの場所だからこそ、実現できた快適の舞台
310	クレヴィア錦糸公園	139.818583	35.697913			246 	67.32	70.94	伊藤忠都市開発	2014/9	想像を超えた、ここだけの時間。	The Premium Garde
311	ウェリス両国	139.795055	35.695188			242 	56.27	68.09	エヌ・ティ・ティ都市開発	2013/4	GRACE & COMFORT	洗練と快適の都市邸宅。穏やかに佇む街並みに薫る、歴史と文化。オンとオフを、ゆるかやに切り替える上質な場所。
312	フラージュ押上	139.812285	35.71302	3800	5400	247 	54.91	67.21	平和不動産	2014/9	東京スカイツリー、目前の貴賓席。	TOKYO BRANDNEW FRONT東京は変わり続ける。ダイナミックに、ドラマチックに、進化していく。東京は守り続ける。江戸から続く情緒、粋、文化を継承していく。「進化」と「継承」。このふたつの上質がクロスする場所にこそ、空前の東京を手中にする、”貴賓席”が生まれます。
313	イニシア墨田押上	139.806333	35.711123			204 	41.79	64.95	コスモスイニシア	2013/11	東京シンボルに住まう。	
314	プラウド両国	139.800685	35.700192			234 	70.45	85.4	野村不動産	2014/11	RYOGOKU THE FIRST	
315	シティハウス曳舟	139.815488	35.720424			220 	43.71	70.45	住友不動産	2014/10	東京成長区　ここで一緒に大きくなろう	東京スカイツリーの誕生で注目を集める東京イーストエリア。そこは、進化を続ける東京を体感できるエリアです。その成長する地に、大きな期待を抱いて誕生する「シティハウス曳舟」。未来へと伸びゆく新しい暮らしの物語が、いまここから始まります。変貌・進化・成熟成長する街、都心との一体感、東京の”これから”を住みこなす。
316	ソライエ・プレミアムテラス	139.832659	35.713625	3652	3858	172 	72.08	72.3	名鉄不動産,東武鉄道	2014/2	武蔵（634m）の新たな歴史を刻む、ここは未来が輝く街。	季節の喜びを享受し、豊かな自然とともに暮らす東京。空には未来が、水面には日々の暮らしが映える街。家族の幸せがここにある。
317	アトラスタワー曳舟	139.823414	35.713689			267 			旭化成不動産レジデンス	2015/12	進化し続ける街がある。輝き続ける暮らしがある。住み継がれる強さがある。未来へと続く駅前再開発事業がある。 新しい駅前、新しい超高層街区。	地上28階・全233戸。住まう誇りを高める迎賓の空間へ。東京スカイツリータウンを使いこなし、再開発で生まれ変わる街の駅前で暮らす。まさに「新しい東京」の生活がここから始まる。都心の進化を眺めながら誇りとやすらぎの暮らし
318	シティタワーズ豊洲ザ・ツイン	139.799116	35.657649			268 			住友不動産,阪急不動産	2009/3	新基準 NEW LIFE	豊洲にきらめくツインタワー東京新都心、豊洲。銀座5分、東京湾岸の奇跡。都心回帰。海辺回帰。人が自然に求めるもの。通う都心から、暮らす都心へ。利便性の追求に終わらない、心地よい生き方へ。社会の成熟とともに、都心居住のカタチが変貌しはじめています。それは、都心近接ではなく、都心そのものに帰ること。さらには、都市人が忘れていた海辺や緑のもとへ還るライフスタイルの実現。生まれ変わった「豊洲」に誕生する、正統なる進化を遂げた居住空間---それが「シティタワーズ豊洲　ザ・ツイン」です。
319	パークホームズ亀戸ガーデンズコート	139.831039	35.699682			220 	57.58	80.08	三井不動産レジデンシャル	2014/2	都市に、静謐という贅を。	
320	シティハウス門前仲町	139.79119	35.673842			275 			住友不動産	2012/7	輝きと潤いの新・都心生活	
321	パークホームズ木場クリアテラス	139.807908	35.668079	3700	7500	252 	56.53	85.93	三井不動産レジデンシャル	2014/11	水景の美邸。開放感と暮らすリバーフロントレジデンス。	 
322	グランスイート南砂	139.828598	35.674073	3146	5196	188 	63.3	80.69	丸紅	2014/11	南の優邸、誕生。	族の思いをかたちにする上質レジデンス。家族の新しい理想とは、開放感を纏うこと、住まいに誇りを抱くこと、寛ぎへと誘われること、陽光に満たされること。
323	オークプレイス豊洲	139.801422	35.652833			202 			大和ハウス工業,コスモイニシア	2014/3	それは、豊洲が求めていた心地よさ。	自分らしい時間を愛し、ゆっくりと生きる。家族の暮らしを、何よりも大事にする。作り手の思いが伝わるものを、大切にする。人生の軌跡が表れるような住まいに暮らす。豊洲に暮らすこと。それは気持ちのいい毎日に包まれることオークプレイス豊洲
324	パークタワー豊洲	139.800113	35.651708			262 			三井不動産レジデンシャル,近鉄不動産	2013/8	ようこそ、都市と潤いの結晶に集うアーバンリゾート時間へ。	銀座エリアへ直通5分の恵まれたロケーションを誇りながら、賑わいと潤い、そして未来への躍動を感じさせる街・豊洲。アーバンリゾートの気配が漂うこの街にこそ、ワンランク上の寛ぎを。くらす方だけが共有する開放的なラウンジとガーデン、社交の場面に南国の風情を醸し出す植栽…。描き出すのは、ラグジュアリーなもてなしに心ほどかれる日常。ここに、都心を忘れるレジデンスが生まれます。
325	SKYZ TOWER&GARDEN	139.793376	35.647968			247 			三井不動産レジデンシャル,東京建物,三菱地所レジデンス,東急不動産,住友不動産,野村不動産	2015/3	TOKYO BLUE & GREEN 水と緑と空の東京。	東京は、ここからさらに加速する。豊洲新街区。
326	パークホームズ清澄白河	139.791981	35.680281			254 			三井不動産レジデンシャル	2015/3	この近さ、この静けさ、この開放感。	東京を愉しむ。清洲に住まう。隅田川を暮らしの風景に。
329	パレステージ西新井本町	139.772562	35.777971			155 			日神不動産	2013/5	Smile Arena	ようこそ、家族の笑顔を育む舞台へ。
330	パレステージ舎人公園	139.769767	35.791792			156 			日神不動産	2014/2	Tokyo New Rich Life	都心を上手に使いこなす。豊かな東京ライフの新基準が、TONERIにありました。くつろぎもアクティブも。大きな公園と暮らす。
331	シャリエ金町	139.860281	35.763917			150 			東レ建設	2015/1	金町は変わる。あたらしい東京へ。 Begin the Tokyo	数々の再開発で美しく変わり続ける「金町」で、今、「あたらしい東京」がはじまります。暮らしの悦びに満ちた新たな東京を手に入れるために、金町は今、次のステージへと動き出しました。さまざまな再開発が続くこの街に、これまでなかった愉しみや豊かさが生まれ、心ときめく「あたらしい東京」へと変わります。ここに誕生する「シャリエ金町」もまた、この街にふさわしい先進をまとった、開放とゆとりの全154邸。新たなきらめきに包まれた金町で、家族のしあわせを叶える未来が、もうすぐはじまろうとしています。シャリエ金町
332	クリオ新小岩ウエストテラス	139.84739	35.728514			149 			明和地所	2014/4	豊かな心で生きようと思う。	なぜ、私たちは自然を必要とするのでしょうか。都心にいても快適な生活はできる。それでも、私たちが暮らしのなかで瑞々しい植物やゆるやかに流れる川をつい求めてしまうのはなぜだろう。人間に本来そなわっている本能がそうさせるのだろうか。私たちはこう考えます。体内の水分が失われると、ひとはノドが渇いてくる。それと同じように、都心にずっといると心が渇いてくるのかもしれません。だから、水を飲んでノドを潤すように、自然に触れることで心を潤そうとするのだと思うのです。それは、一緒に住む家族がいればなおさら。平和橋のたもとから朝陽がきらめく中川を眺め、鮮やかな緑とふれ合える東立石緑地で子どもと遊ぶ。そして、ここには胸いっぱい吸い込みたい空気があります。恵まれた身近な自然が私たちの心を潤し、豊かな明日へと橋渡しするでしょう。ひとと自然、そして、私と未来をつなぐ住まい「クリオ新小岩」が誕生します。Bridge Terrace.大切な想いを、明日へつなぐ住まい。
333	ブランズ新小岩	139.859326	35.717389			208 			東急不動産	2014/1	東京駅10km圏内。すぐそこに、都心を控えた魅力。	駅に近い。都心に近い。だからこそ、しあわせに近い。
335	アルファグランデ小岩スカイファースト	139.881972	35.731436			240 			スターツコーポレーション	2015/5	東京の空に、ファーストクラスの住まいを。	情緒という美しい刻の重なり。江戸を感じる歓び。受け継がれていく光景、そして粋。革新は伝統に支えられ、暖かな街にあたらしい息吹を垣間見る。
335	クリスタルマークス	139.883664	35.733685			213 			住友不動産	2015/3	煌めきと開放の近・未来レジデンス	
336	レジデントプレイス西葛西	139.854455	35.668101	3978	7098	247 	60.03	85.07	大和ハウス工業,スターツデベロップメント,サンケイビル,長谷工コーポレーション	2015/8	TOKYO REASON　家族の東京、住むべき理由がここにある。	
337	ザ・ガーデンズ西葛西	139.855517	35.668898			246 			三井不動産レジデンシャル	2016/1	家族の今と未来に　たいせつな瞬間を贈りたい。	
338	アーバンパレス葛西	139.882511	35.66118	3991	4963	203 	68.97	76.05	第一交通産業	2014/2	葛西、家族区。	それは、「葛西」駅徒歩圏に生まれた、家族が住むためのの場所。家族で住むためのレジデンス。
339	ザ・パークハウス一之江	139.874421	35.684673			211 			三菱地所レジデンス,大栄不動産,三信建設	2014/2	家族が求めていた東京ライフをかなえる住まい。	TOKYO緑邸都市大切な家族との時間をもっと増やしたい。子どもたちのふるさとに相応しい、優しい緑の街に暮らしたい。ゆったりとワイドな住まいに友人を招きたい。そんな、心地よさをスマートにかなえる住まい、「ザ・パークハウス一之江」。東京駅から17分の近さや親水公園の潤い、そして一街区まるごとの大きなスケールや「ザ・パークハウス」の上質が、家族の東京ライフを豊かにつつんでくれる。美しい”TOKYO緑邸都市”の暮らしが始まります。
340	ヴェレーナ東京入谷	139.778345	35.704914			191 			日本綜合地所	2014/9	NOUVELLE VAGUE STYLE いま、都市生活に、あたらしい潮流。	伝統的なスピリットを大切にしながら、先を見据えたあたらしいアイディアを忘れない。人々を魅了したアートや建築には、いつも独創性が息づいている。未来をみつめて躍動するエリアに、いま、レジデンスのあたらしい潮流を感じて
341	グレース錦糸町シティフロント	139.809887	35.698406	4877	5861	292 	56.19	65	両備ホールディングス	2014/3	Luxury City Residence とっておきの錦糸町ライフ	TOKYOを使う副都心が、私の街
342	プレシス両国レジュール	139.803429	35.692995			197 			一建設	2013/11	両国に、新たなる印象派。	
343	エステムプラザ両国	139.797742	35.69648			243 			東京日商エステム	2014/2	江戸の粋といわれる文化を残しながら、スカイツリーを背景に控えた世界に誇る街「両国」。	和情調・現代的な外観デザインの中に落ち着いた和のテイスト静寂・木目調パネルや木製の格子の演出が喧騒から静寂の世界へと導く
401	幕張ベイタウン グリーナ	140.048754	35.63952			150 			丸紅,東京建物,大成建設,大和ハウス工業,三菱地所レジデンス,東急不動産,住友不動産,新日鉄興和不動産	2014/2	I’m Makuharist. 毎日をこだわる、マクハリスト急増中。	1995年の街開き以来、美しい進化を続けてきたヨーロッパ調の街並み「幕張ベイタウン」。数々の華やかなイベントに街絵hの愛着が生まれ、高い住民意識に磨かれてきた街。その街に新たな進化を告げる450家族のレジデンス「幕張ベイタウングリーナ」が誕生。幕張ベイタウンに残された緑景（Green）と水景（Marine）に寄り添う心地よい生活舞台、そして複合開発の快適に彩られる暮らしが、いまここに幕を開ける。
402	クレヴィア検見川浜	140.062391	35.639703			166 			伊藤忠都市開発	2013/3	徒歩5分で、充たされる暮らし。	そこは、JR京葉線「検見川浜」駅北口から続く駅前の街区。公共・商業施設や公園などが集まり、利便性が高く、子育てにも好適です。また、敷地全体に液状化対策を施すなど防災にも配慮しました。すぐ身近で、質の高い快適・安心を教授できること。「クレヴィア検見川浜」は、こころから充たされる毎日を贈ります。
403	プラウド検見川浜ディアージュ	140.064214	35.635073			160 			野村不動産	2014/11	ずっと住みたいわが家へ。	海や緑を楽しむ健やかなくらし、駅前は歩車分離され、美しく整備された街並みが広がる、家族に安心の環境。新都心の海浜幕張、レジャースポットが多い稲毛海岸へ気軽に行ける、閑静なくらしの街、検見川浜に永住にふさわしいプラウドが誕生します。
405	ヴェレーナ稲毛	140.084548	35.637076	2890	3490	139 	72.66	78.75	日本綜合地所	2015/4	緑穏にそよぐ、静美の邸。	稲毛の穏やかな住宅街で、豊潤な時を刻む美しきレジデンス。
406	ウェリス稲毛	140.089223	35.64081			165 			エヌ・ティ・ティ都市開発,大和ハウス工業,大成建設,新日本建設,三信建設	2014/1	URBAN & RESORT	都市の躍動とリゾートの寛ぎに出会う丘から　新たな街づくりが始まるウェリス稲毛
407	幕張アクアテラス	140.044935	35.635692			160 			三井不動産レジデンシャル,清水建設,新日鉄興和不動産,鹿島建設	2010/3	20年以上発展を続ける街に住まう安心感。	
408	ブランズ市川真間	139.910905	35.733219			253 			東急不動産	2014/7	華やぎと静寂の、真の間に。	この地は、千年以上も前から愛され続けてきた。
409	イニシア西船橋デュアルコートWEST	139.951299	35.705136	2700	3400	140 	70.95	72.92	コスモイニシア	2014/4	空間をスマートに暮らす	
410	ヴェレーナシティ行徳	139.93078	35.678982	2700	3700	139 	70.74	80.46	日本綜合地所	2014/3	潤う、毎日。水と緑のガーデンシティ誕生。	
411	プラウド本八幡ディアージュ	139.923817	35.718626			211 			野村不動産	2015/4	JR総武本線「本八幡」、こだわりを語る邸宅。	
412	パークホームズ西船橋本郷町	139.951068	35.707527	3938	4440	198 	68.55	71.1	三井不動産レジデンシャル	2014/2	URBAN For Rest	都市を自然体で暮らす。
414	パークホームズ松戸マークレジデンス	139.903582	35.786401	3360	4850	180 	68	81	三井不動産レジデンシャル	2014/3	その先の松戸生活へ	その上の松戸生活は、ここから始まる。
415	デュオヒルズ志津	140.140228	35.713321	2338	3661	128 	70.43	82.21	フージャースコーポレーション,長谷工コーポレーション	2014/1	きらめく陽射しにつつまれながら、大いなるくつろぎと開放感ある暮らしを手に入れる。	西志津に住まう。幸せがある地（ばしょ）、西志津。ここは、静けさも、見晴らしも、日当たりも、すべてに恵まれた、とっておきの場所。しかも、暮らしの利便性も、安心も、ちゃんとそばにある。「デュオヒルズ志津」は、特別な地域に囲まれた、格別な場所です。
416	パークホームズ柏アリーナ	139.968218	35.860418	2980	4860	192 	58	75	三井不動産レジデンシャル	2013/10	こだわりを愉しむアリーナシートを、あなたへ。	いいものを識るほど、こだわりが増える。お気に入りのブランド。家族や友人を、そして自分自身をもてなすための美味しい店。自分を磨き、癒してくれる場所。そんな豊かなリクエストに応えてくれる柏で、さあ、今日はどんなこだわりを愉しもうか。JR常磐線・東武野田線「柏」駅へ徒歩4分にありながら居住性を高める全邸南向き・南西角地、潤いの植栽に包まれたレジデンス。それは、大人のこだわりを愉しむアリーナシート。
417	パークシティ柏の葉キャンパス二番街	139.9505	35.897116	3560	5030	145 	74.4	126.4	三井不動産レジデンシャル	2012/4	ここにある、未来に住もう。	選ぶ人が増えている。この大きな街を。
418	セントラルレジデンスおおたかの森	139.928913	35.873612			187 			住友不動産	2015/3	新しい街の中心に佇む、ホテルのような気品を纏う邸	
419	ノルディック八千代緑が丘	140.069584	35.720011	1998	3348	103 	71	98	フリージアハウス	2012/8	光と緑の邸宅へ	
420	アルファグランデ八千代村上	140.117134	35.725768			131 			スターツデベロップメント	2012/2	Nature & Future	緑豊かな暮らしの先に、家族と子どもたちの未来を夢みて。見晴らしの丘で見た風景を僕たちは忘れない。
421	ブライトビューテラス千葉ニュータウン中央	140.114093	35.794999	2508	3208	104 	82	99	長谷工コーポレーション,セントラル総合開発	2012/2	とっておきの大空を手に入れる。	広大な千葉ニュータウンの中でも、ひときわ心地よい”南の最前席”へ。
423	シティテラス南行徳	139.902434	35.666336	3380	3690	172 	67.69	67.69	住友不動産	2012/12	凛とした雰囲気を醸し出す格調高い趣き	
424	クレヴィア市川行徳	139.912745	35.682686	3310	4570	206 	55	71	伊藤忠都市開発	2013/8	家族時間はじめよう	
425	デュオ市川原木	139.945575	35.704731	3100	4000	171 	63.92	72.69	フージャースコーポレーション	2013/12	駅近で叶う無限大の暮らし	街並の表情を変える美しき邸宅。格調高い、迎賓の空間。
426	テゾーロ船橋ブライトレジデンス	140.061811	35.700915	2758	4498	123 	73.47	121.38	ブレーン・ウッド	2012/1	居心地のよい環境から生まれる　笑顔、真心、家族の絆。	 
427	ヴェレーナ東松戸	139.943767	35.772291	2898	3198	143 	68.8	72.02	日本綜合地所	2014/6	陽光きらめく、美しき欧邸。Euro Shining.	ヨーロピアンデザインの洗練に彩られ、降り注ぐ光に包まれる。「Paris Contrast」（パリ・コントラスト）をコンセプトに描いた建築美。パリ・コントラストクラシックな様式とモダンなセンスが融合するパリの建築美をモチーフにしたデザイン。ガラスのバルコニー手すりが陽光にきらめく外観、素材のアンサンブルが美しいエントランスなどにより、格調高い表情を演出しています。
428	ルフォン松戸ザ・レジデンス	139.912627	35.774317			210 			サンケイビル	2015/3	時を超え、継ぐべき邸	松戸宿、坂川のほとり。ひかり満ちる此の地に、桜景継ぐ。
429	アドグランデ松戸ビューテラス	139.898993	35.765057	1988	2998	116 	63.56	76.56	東新住販	2014/8	Wonder Stage 探していた松戸。	
430	パレステージ松戸北小金	139.939819	35.831071	2900	3290	145 	70.02	70.49	日神不動産	2013/10	PRECIOUS × HISTORY	約750年の歴史を持つ日蓮ゆかりの「本土寺」。歴史と進化が交錯する奥深い風景の中で。約520有余年の歴祖を持つ浄土宗の寺「東漸寺」。
431	幕張 LaCLASS PROJECT	140.050986	35.678494	2300	3800	123 	70.5	90.6	新日鉄興和不動産	2014/2	ラクラク暮らす。タノシク暮らす。家族の住まい。	美しく、誇らしく、そして住まう家族のオアシスとなる邸宅を。
437	ウィザースレジデンス八千代中央ウィル	140.097377	35.717214	1995	2505	97 	70	83	新昭和	2013/8	新・永住品質へ、ようこそ。	手の届く豊かさと無理をしない幸せを可能にする「ウィザースレジデンス八千代中央ウィル」。戸建てのように暮らせるとともに、マンションならではのグレードも備えた終の住処にふさわしいステージです。確かな未来へ、住まう人を選ばない。価格以上の価値、それが「新・永住品質」です。
438	リアナグレイスフルリバー妙典	139.932051	35.688564	3680	4480	203 	61.46	70.74	ウラタ	2013/9	GRACEFUL LIFE 東京に寄り添う、優美な暮らしへ。	市川市「妙典4丁目」　手を伸ばすと、そこにはいつも、優美な日常がある。交通アクセスの良さと豊かな自然が残された良好な住環境。MODERN SOLID NEW CLASSICAL STYLEいつまでも新しい、どこまでも懐かしい。洗練されたCLASSICALデザイン。
439	南柏 THE RESIDENCE	139.956121	35.844969	2948	4079	145 	73.47	85.8	住友商事	2015/4	都心と、駅と、太陽と暮らす駅前レジデンス。	新しくきれいに変わった町の駅前で、便利さや楽しさをよくばる。都心に直結した交通アクセスでオンもオフもわがままする。南向きの心地良さや開放感あふれる眺望を思いのままに堪能する。自分らしいこだわりを活かした住まいで毎日を謳歌する。暮らしはあたらしい価値へとつながることで、より豊かで、より快適なものへと生まれ変わることができます。都心へ、駅へ、街へ、太陽へ、快適へ。全てに「LINK」する貴方と家族の日々が、こお南柏からはじまります。
440	ウィルローズ市川	139.912251	35.729966	4380	6590	246 	67	79	グローバル・エルシード	2014/5	市川の品格を受け継ぐ住処。	生活利便施設が揃う駅周辺を抜けると、そこは、暮らす人々の誇りと優越を刺激する閑静な住宅街。躍動と静寂をともにかなえる邸宅へ。
441	エクセレントシティ市川一丁目	139.908614	35.732037			213 			新日本建設	2014/3	市川 THE ONE 市川一丁目。そこは、格式を継ぐ無二の地。	オンリーワンの風格をたたえる、真の「市川」を知る住まい。「エクセレントシティ市川一丁目」。風雅な気配をまとい、いま、序幕。クロマツが出迎える、閑雅な街の屋敷町。成熟を迎えた屋敷町。その格式を継ぐ、由緒正しき生活舞台。時を経てなお情緒的な風雅を授けてくれる。残すべきものが残された街で、発展を続ける駅前を見守りながら、やすらぎを忘れずに暮らしていこう
442	オーベル市川	139.906594	35.720477	3490	5570	179 	73.84	91.13	大成有楽不動産	2014/8	「市川」を大きく暮らす。	真新しい空気を深呼吸するような、のびやかで心地よい暮らしのために---。時間に縛られない都心への軽快なフットワーク。江戸川の自然を身近に感じる潤いと開放感。周辺と調和しながら美意識を奏でる外観デザイン。そして、ゆとりある広さに、しなやかな提案を盛り込んだ空間。「オーベル市川」、そのすべてが私の暮らしを大きくする。
443	エクセレントスクエア西船橋	139.95927	35.71718	1588	4598	152 	40	88	新日本建設	2012/5	街角照らす、レジデンス。西船街角テラス。	ぼくたちの明るい未来を照らす小さな幸せは、この道の向こうにあった。駅から続くなだらかな道を歩くと、静かで明るい街角に出る。「エクセレントスクエア西船橋」は、その街角で太陽に照らされ、光り輝くように佇んでいます。古くからの人々の暮らしを支えてきた住宅地で、道を行き交う人々の目にとまる場所。そんな街の風景の主役になる、品と格に薫る住まいが今、あたらしい未来を描き出しました。街を照らし、緑を照らし、暮らしを照らす、明るくてやさしくて頼もしいマンション。西船という交通利便に優れた街で、いつまでも変わらない快適とやすらぎを手に入れるために。「西船・街角TERRACE」。そこにはいつお、陽光に包まれて穏やかに軽やかに生きる、家族の笑顔がありました。
501	武蔵浦和SKY&GARDEN	139.647474	35.842986	3800	5500	213 	63.68	79.01	新日鉄興和不動産,三菱商事,三菱地所レジデンス	2015/1	THE OASIS	「ジ・オアシス」。それは都市と住まいを緑の庭園でつなぐ、新発想の街づくりです。再開発で発展を続ける駅前にありながら、そこには豊かな緑をたたえた広大な庭園が広がります。便利なだけではない、緑の潤いの中で憩い、人と人との交流を愉しむ都市の暮らしを---。多世代がともに暮らし、さまざまな時間を心から愛することのできる、新しい庭園都市の誕生です。この街で、人は大きな幸せに満たされていく。
502	浦和常盤ザ・レジデンス	139.641906	35.864839	3900	6600	209 	70.34	92.34	ジェイアール西日本不動産開発,三菱倉庫,西日本鉄道,長谷工コーポレーション	2014/2	浦和常盤、免震邸宅。	桜並木が見守り続けてきた12,000m2超の広大な正形敷地。この地を、桜とともに受け継ぎ、未来へ贈る集邸プロジェクト。中山道の宿場として、江戸時代以前から栄えていた浦和。明治以降は鉄道にて首都と直結、県庁所在地として発展してきました。中でも、浦和常盤は邸宅地として高く評価され、その洗練された市民文化や街を誇り愛する精神は、今も街の風景に息づき、緑深き邸宅街に上質な落ち着きをもたらしています。その閑静な浦和常盤の邸宅街に、歴史ある街並みを継承し、未来へとその誇りを受け継ぐ295邸の新たな邸宅街区を創出します。「文京の歩み重ねし常盤」伝統ある教育施設に囲まれた文教地区「常盤」。アカデミックな街の真ん中にアドレスを得る。
503	プラウド浦和高砂	139.652705	35.856548	5300	6600	243 	75.44	85.84	野村不動産	2015/5	浦和高砂　県都の中枢、「深奥」の地に住む。	
504	プラウド浦和常盤トレサージュ	139.640447	35.872077			241 			野村不動産	2014/10	常盤を語る一邸がある。	
505	シャリエ南浦和神明	139.660124	35.846752	3130	4240	178 	57	80	東レ建設	2014/3	浦和の邸宅街「神明」に佇む、洗練の48邸。	江戸を起点とする中山道の3番目の宿場町として、古くから栄えた浦和界隈。明治4年、埼玉県が誕生すると行政・文化・教育等の中心となり、さらに発展を遂げていきました。そんな歴史の中で歩みを重ねたこの街も、今日では都心への好アクセスを有する住宅街に。〈シャリエ南浦和神明〉が誕生する「南浦和」駅西口には、駅前に百貨店やスーパーを容姿ながらも落ち着いた街並みが広がっています。緑潤う並木道、ひときわ閑静な住宅街「神明」へ---その恵まれた環境と溶け合う洗練の48邸が、今ここに誕生します。